Sentence,Category,Label,Sentence_Length
surpris pip instal sklearn would someth without give error learn comment,aspect evaluation,2,11
bad sklearn instal,information giving,1,3
still bit confus pip list show sklearn,aspect evaluation,2,7
mayb could make sklearn alia,solution proposal,4,5
went across follow packag,information giving,1,4
check mechan thought,information giving,1,3
quick look code may well use generat sklearn pypi packag inde,information giving,1,11
inde right,others,7,2
forgot pip uninstal sklearn expect well expect remov,information giving,1,8
mayb would wise phase sklearn packag,solution proposal,4,6
earlier comment still valid,information giving,1,4
pypi download stat via pypinfo last month suggest quarter instal sklearn,information giving,1,11
happi transfer ownership sklearn pypi someon involv project,others,7,8
account,information seeking,3,1
could also transfer,information giving,1,3
way broken,information giving,1,2
ownership transfer,others,7,2
rememb great power come abil mess lot packag,information giving,1,8
futur refer could find version version control made copi current content,information giving,1,11
issu could caus signific confus new version releas instal use alia pip instal upgrad sklearn fail silent requir version necessarili recent version,problem discovery,5,22
suppos would possibl continu releas new version sklearn requir recent version would absurd,aspect evaluation,2,13
anoth possibl without break peopl code could detect whether sklearn packag instal,solution proposal,4,12
look standard python way rais warn import time case,solution proposal,4,9
may add small overhead import though,information giving,1,6
issu came member slack group,problem discovery,5,5
brief context found issu fix problem need upgrad one develop environ,information giving,1,11
confus behavior get variat pip instal upgrad mysteri option avail sklearn find packag descript,aspect evaluation,2,14
guess mayb releas could opportun cleanup break chang,information seeking,3,8
would good fix,others,7,3
think error alway need way popular longer maintain librari sklearn list depend much one,aspect evaluation,2,14
forgot name voluntari intermitt failur,information giving,1,5
yes thank,others,7,2
reason brain suggest hashbrown tri find term,information giving,1,7
imo one reason work github detect still use recommend way send email time time nudg,information giving,1,15
brownout strategi,information giving,1,2
setup wiki page issu document plan brownout schedul announc twitter mail list,solution proposal,4,12
discuss next onlin dev meet,others,7,5
sklearn download day,information giving,1,3
thank lot,others,7,2
nice inde,others,7,2
curios case need futur find sklearn depend pypi dowload,information seeking,3,9
knock script find sdist wheel packag sklearn depend filter top,information giving,1,10
except download day might close sourc could find repo,information giving,1,9
could worth email,others,7,3
look comment big hope sklearn download come jsonpickl actual sklearn test see quit unlik jsonpickl main culprit,information giving,1,17
refer packag nltk perform fail help error strategi ntlk,information giving,1,9
issu open discuss,others,7,3
track evolut idea previous mention relat idea comment,information giving,1,8
would fix clean altern,information giving,1,4
sorri obtus retic depend better integr panda come,information seeking,3,8
hard find appli exampl sklearn communiti includ panda day margin depend numpi scipi dateutil pytz,aspect evaluation,2,15
seem reinvent much mask wheel anyway support use case,information giving,1,9
propos along dict array seem like good solut,solution proposal,4,8
iirc said consid dataset object learn,information giving,1,6
inde case probabl part reflexion,information giving,1,5
,others,7,0
mean everybodi use need chang code,information giving,1,6
better everybodi ever use need chang code,solution proposal,4,7
advantag kwarg,information seeking,3,2
elabor,information seeking,3,1
dict name array valu,information giving,1,4
variabl could pass direct kwarg similar result dict without chang current sampl weight handl,information giving,1,14
would add kwarg fit method ignor use,information seeking,3,7
perhap want know way realli wors solut,information seeking,3,7
think most littl stricter interfac,information giving,1,5
also could argument fit length thought tri avoid,problem discovery,5,8
think issu mention caus upgrad sklearn upgrad panda,information giving,1,8
thought worth rais devil advoc thank initi respons,others,7,8
somewhat relat question transform also output modifi,information seeking,3,7
must right,information seeking,3,2
perhap least way introspect sampl prop estim method know user make assert upgrad,feature request,null,13
frameworkish,information seeking,3,1
fix also see wiki,solution proposal,4,4
summar current state discuss think someth like would nice solut,solution proposal,4,10
think mention fit docstr estim docstr fine,information seeking,3,7
think rais good btw,aspect evaluation,2,4
rais,information giving,1,1
could see rais converg issu etc,information giving,1,6
sound reason,others,7,2
think general featur impact mani part librari,aspect evaluation,2,7
make separ pull request deal sampl properti,information seeking,3,7
disadvantag global state,information seeking,3,3
updat abl use perform rfecv,information seeking,3,5
worri complet understand,others,7,3
thank hard work sklearn librari,others,7,5
love simpl univers packag,aspect evaluation,2,4
solut interest,solution proposal,4,2
read referenc prs issu comment lot went thread briefli,information giving,1,9
yet look contribut yet might want check latest propos,information giving,1,9
contribut would love start,information giving,1,4
thank refer current discuss comment,others,7,5
well expect abl much cant hurt tri,others,7,7
also interest work iterativeimput comment,others,7,5
probabl easier,others,7,2
recent made liblinear report converg failur,information giving,1,6
report lot place,information giving,1,3
expect user start see everywher,information giving,1,5
chang someth,information seeking,3,2
weird use linearsvc result failur,aspect evaluation,2,5
also pretti weird svc linearsvc,information giving,1,5
reason,information seeking,3,1
good question,others,7,2
look liblinear code appear expos differ stop criteria ad paramet seem,information giving,1,11
rememb,others,7,1
strong opinion,others,7,2
mani warn mean user look warn,information giving,1,6
could also increas tol,information seeking,3,4
ask warn logist regress well ignor,information seeking,3,6
issu also happen logisticregress class,information seeking,3,5
increas tol mean mani user wait longer,information giving,1,7
increas tol mean larger tol,information giving,1,5
anyth peopl wait shorter,others,7,4
work,others,7,1
inde logisticregress also potenti affect,information giving,1,5
discuss bit skeptic regard bump tol lot differ default around,information giving,1,10
liblinear tol right,information giving,1,3
would make consist,information giving,1,3
probabl run benchmark though,information seeking,3,4
inde mayb complex first thought,information giving,1,5
tol default liblinear call,information seeking,3,4
agre regard benchmark,information giving,1,3
yeah would good think,information giving,1,4
seem one last releas blocker,information seeking,3,5
btw chang prompt basic chang verbos,information giving,1,6
btw use default solver tol,information giving,1,5
liblinear default,information giving,1,2
jnothman most wrapper surpris think,problem discovery,5,5
liblinear command line actual various toler default depend use,information giving,1,9
think warn scale anywher,information seeking,3,4
also linear model,information giving,1,3
realli converg without scale,information giving,1,4
think need benchmark possibl,information seeking,3,4
pretti bad,problem discovery,5,2
sure run window,information seeking,3,3
inde known issu window happen number featur sampl larg guess issu face,problem discovery,5,12
want add pot converg warn also specif behav differ,information seeking,3,9
assum base find seem,information giving,1,4
test maco catalina linux fedora,information giving,1,5
featur wild differ scale other fit optim hyperplan reason toler get difficult,information giving,1,12
liblinear sever solver,information giving,1,3
think use tron trust region newton default,information giving,1,7
also chang default away liblinear,information giving,1,5
refer logisticregress,information giving,1,2
mistaken thought svc,information giving,1,3
thank,others,7,1
observ bit stabl lbfgs set tri see precondit issu,information giving,1,9
tri remov issu around releas mileston,information giving,1,6
one seem press realli care,information giving,1,5
leav mileston realli better follow,information giving,1,5
rvm bayesian framework obtain spars solut regress classif task,information giving,1,9
use model ident form svm support vector machin,information giving,1,8
solv follow disadvantag svm number basi function svm grow linear size train set rvm start basi increment updat set basi function converg,information giving,1,22
read general think rvms would good addit,aspect evaluation,2,7
dlib boost licens compat,information giving,1,4
might easi wrap code style though,information giving,1,6
problem optim use smo,information seeking,3,4
sensibl implement smo,information seeking,3,3
relat ard rvm,information seeking,3,3
rvm basi function version ard,information seeking,3,5
btw anyon ever bother fact section general linear model contain general model,information seeking,3,12
use sequenti spars learn algorithm bishop follow guess,information seeking,3,8
know,others,7,1
wonder whether similar method ard,information seeking,3,5
would cool current ard implement quit slow,aspect evaluation,2,7
implement rvm definit use smo,information giving,1,5
think smo use svm optim,information giving,1,5
yes use sequenti spars learn algorithm refer page,information giving,1,8
bishop,information seeking,3,1
one,information seeking,3,1
algorithm simpl enough write without use dlib,information giving,1,7
think write python use cython optim,information giving,1,6
case take full advantag matlab implement,information giving,1,6
think,information seeking,3,1
anyway possibl write,information giving,1,3
need good linear algebra librari,information giving,1,5
sure default come one,information giving,1,4
bishop machin learn pattern recognit,information giving,1,5
cython numpi,information giving,1,2
know bishop talk rvm,information giving,1,4
ard rvm relationship,information giving,1,3
know lot ard,information giving,1,3
refer author said rvm base ard term train vector associ remain weight vector defer principl automat relev determin motiv present approach page line,information giving,1,23
anyway ard work,information seeking,3,3
ard also explain bishop book user guid,information giving,1,7
put diagon gaussian prior weight tri estim varianc understand rvm,information giving,1,10
correct,information seeking,3,1
realiz ref mention,information giving,1,3
thank wonder,others,7,2
detail thought paper refer,information giving,1,4
btw slowest thing test suit right fit ard boston dataset common test,information giving,1,12
put gist code wrote ago,information giving,1,5
analys ard think rvm ard want optim object function,information giving,1,9
differ appear method use optim function,information giving,1,6
rvm author notic weight near zero use deriv fast algorithm,information giving,1,10
sound odd,others,7,2
object abl use method optim right,information seeking,3,6
yes sure guess author rvm use differ optim strategi faster spars algorithm,information giving,1,12
pretti sure differ,information giving,1,3
said might rvm work featur space kernel someth,information giving,1,8
otherwis could replac ard implement,information seeking,3,5
regress though want classif right,information seeking,3,5
initi rvm regress techniqu,information giving,1,4
author present way use classif,information giving,1,5
rvm use kind kernel,information giving,1,4
mean log likelihood ard equat new view automat relev determin rvm equat fast margin likelihood maximis spars bayesian model ident,information giving,1,20
guess read paper know what go,information giving,1,6
sorri guy much bayesian guy,others,7,5
know well subtilti,information giving,1,3
rvms patent microsoft,information giving,1,3
patent rvm author recommend matlab implement web page guess implement,information giving,1,10
licens patent quit orthogon particular address softwar patent,information giving,1,8
right implement intersect right grant gpl grant patent holder,information giving,1,9
wrote pure port dlib implement aw slow moment tri cython,information giving,1,10
accord header dlib implem around sinc seem fine,information giving,1,8
would consid chang mind rvm sklearn,information seeking,3,6
let hear opinion,others,7,3
dlib implem show thing long prove wide use without patent licens,problem discovery,5,11
neuroimag studi use relev vector regress rvr made comparison rvr svr,information giving,1,11
list,information giving,1,1
see way rvms separ packag api encourag good empir work show use,information giving,1,12
use merg,information giving,1,2
mean look relat compat,information giving,1,4
need inherit baseestim,information giving,1,3
use scikit learn svr,information giving,1,4
rvr implement need use matlab machin learn analysi,information giving,1,8
couldnt implement lightweight class base new gaussian process implement,information seeking,3,9
far understand rvr name given special kind kernel,information giving,1,8
thank much implement,others,7,3
great work,others,7,2
anyon troubl implement method,information seeking,3,4
one librari rvm php,information seeking,3,4
dont understand rvm explain,information seeking,3,4
one librari rvm php,information seeking,3,4
point discuss link implement broken put peopl interest implement,information giving,1,9
implement rvm supplementari materi paper precis,information giving,1,6
microsoft patent expir,information giving,1,3
could possibl add sklearn,information seeking,3,4
easili clear standard requir see,information giving,1,5
mayb exampl might interest,information giving,1,4
seem unmaintain might still use,information giving,1,5
probabl most need champion actual want put work,information giving,1,8
murphi book claim rvms perform realli similar svms advantag true probabilist method give calibr probabl answer,information giving,1,16
compar method use small dataset,information giving,1,5
provid link render version,information seeking,3,4
also itn surpris small dataset given like scalabl issu,information giving,1,9
tri work implement,information giving,1,3
help would high appreci,information giving,1,4
iirc one advantag rvm svm find optim paramet without optim pass,information giving,1,11
wonder origin author would will contribut refer implement,information seeking,3,8
well matlab mike tip even github,information giving,1,6
everybodi,others,7,1
saw thread decid implement version rvm,information giving,1,6
base lot jamesritchi implement,information giving,1,4
would great someon would will take look feedback contribut welcom plan maintain repo implement fast version version hope mayb day code could help main repositori,information giving,1,25
,others,7,0
thank tri api,others,7,3
rvm higher comput complex exampl svm might make slower case larg number basi function,information giving,1,14
either way number thing speed process,information giving,1,6
kernel matrix feed algorithm instead set also decreas scale set default,information giving,1,11
pleas mind second option might lead lower accuraci model,information giving,1,9
hope help,others,7,2
feel free open issu help,others,7,5
data transform includ outlier remov instanc reduct form dataset compress like use birch entail alter dataset train time leav unalt predict time,information giving,1,22
case outlier remov make sens reappli fit model new data other model reus fit seem less applic,information giving,1,17
hear posit discuss,information giving,1,3
sure pipe birch sampl weight birch could implement,information giving,1,8
think list use case come api job,solution proposal,4,7
code seem bit generic singl use case acknowledg relev given work birch,information giving,1,12
think issu core api issu blocker,information giving,1,6
thank bring debat,others,7,3
modifi fundament issu,information giving,1,3
yes someth els need handl,information giving,1,5
issu set sampl pass resampl necessarili set pass,problem discovery,5,8
sort oper resampl emblemat happi find better name frequent requir train rare right thing test time want predict correspond input,information giving,1,20
transform allow sampl size chang use featureunion,information giving,1,7
would subclass transform also oper fit time,information seeking,3,7
think differ enough motiv differ famili estim might wrong,information giving,1,9
solv compon fit allow differ result,information giving,1,6
think transform confus enough mani user even promis function equival fit,information giving,1,11
prepar exampl someth point discuss take longer write quick respons,information giving,1,10
thank restart discuss,others,7,3
implement someth say resampl class equal size train three distinct problem,information giving,1,11
yes meant,others,7,2
sorri sure understand repli,others,7,4
mean without pipelin magic,information seeking,3,4
user abl use piplin case,information seeking,3,5
heurist appli resampl predict score transform default option use heurist,information seeking,3,10
entir happi mock exampl plot usag code,information giving,1,7
summar discuss thought break equival fit might viabl way forward,information giving,1,10
would subsampl fit would,information giving,1,4
think time resolv,information giving,1,3
alreadi break transform equival elsewher,information giving,1,5
think forbid resampl implement transform common use case ident transform allow transform possibl futur without break backward compat,information giving,1,18
propos work,information giving,1,2
defin mixin,information giving,1,2
recal use case resampl,information giving,1,4
know use case requir resampl method realli certain complic thing pipelin would chang set sampl test time would affect score pipelin predict,information seeking,3,22
thank,others,7,1
certain desir replic done imblearn like use packag way,information giving,1,9
seem main thing lack atm imblearn pipelin resampl chang requir support,problem discovery,5,11
otherwis seem compat sklearn,aspect evaluation,2,4
realli like commit format sampl prop sens guess differ handl code right,aspect evaluation,2,12
think good,others,7,2
certain desir replic done imblearn,information giving,1,5
actual take whatev work imblearn,information giving,1,5
idea contribut whatev good upstream remov code base,information giving,1,8
slep enhanc propos,information giving,1,3
regard api propos comment yes approach resampl look good estim support indic think awar sampl reduct techniqu instanc,information giving,1,18
anyon pari work,information seeking,3,3
happi help api would use fit classifi discuss review,information giving,1,9
sure find,information seeking,3,2
start work pari got busi last coupl month,information giving,1,8
happi share done alreadi continu work,information giving,1,6
look resampl folder sklearn,information giving,1,4
signatur current,information giving,1,2
definit stay backward compat ad keyword arg sound reason,solution proposal,4,9
rais error pass estim also pass,solution proposal,4,6
submit think current problem pass yet,information giving,1,6
agre support avoid calcul predict multipl time,information giving,1,7
also similar issu,information giving,1,3
ad seem accept honest think good solut,information giving,1,7
function accept kwarg seem imposs keep backward compat,information seeking,3,8
imposs keep backward compat,information seeking,3,4
seem propos,information giving,1,2
kwarg problem,information seeking,3,2
hmm anoth annoy thing support kwarg support,problem discovery,5,7
chang backward compat kwarg still ad,information giving,1,6
agre much much cleaner solut would throw estim use posit argument consist sklearn stuff,information giving,1,14
add new paramet kwarg keep backward compat right,information seeking,3,8
thank let add first kwag anoth issu,solution proposal,4,7
unfortun would requir deprec cycl unless make fast bugfix releas doubt,information giving,1,11
user want provid plot part provid confus matrix,information giving,1,8
accept estim first uniform interfac plot function,information giving,1,7
exampl comput need creat partial depend plot pass partialdependencedisplay,information giving,1,9
user still creat partialdependencedisplay case would invovl,information giving,1,7
although open fast path allow pass metric relat plot function pass direct let deal valid,information giving,1,15
comput predict need build pdps quit complex,information giving,1,7
also predict typic unus,information giving,1,4
scorer metric,information giving,1,2
use plot pdp,information giving,1,3
make sens case accept estim,information giving,1,5
thing run without estim,information giving,1,4
exampl accept need infer anymor,information giving,1,5
case would prefer use precisionrecalldisplay direct user calcul paramet need reconstruct plot,aspect evaluation,2,12
true specif case could direct use confusionmatrixdisplay,information giving,1,7
paramet like reason default,information giving,1,4
display object paramet reason default well,information giving,1,6
paramet must provid tho,information giving,1,4
exampl must provid confusionmatrixdisplay precis recal precisionrecalldisplay,information giving,1,7
one classic pattern kind thing defin,information giving,1,6
start get confus,others,7,3
goal current api avoid calcul multipl time user want plot multipl time accept user still need calcul multipl time,information seeking,3,19
know thing differ pdp,information giving,1,4
api pretti nice look,aspect evaluation,2,4
think better estim pdp cours sometim often,information seeking,3,7
user want plot predict also want analysi predict,information giving,1,8
current api need calcul predict multipl time,information giving,1,7
metric see prefer toward use estim,information giving,1,6
imagin plot metric support,information giving,1,4
seem like discuss namespac right,information seeking,3,5
whether one function one constructor two classmethod two function exact function basic code,information giving,1,13
could add blocker label,information seeking,3,4
seem prevent progress,information giving,1,3
blocker label releas blocker thing absolut need fix releas blocker,information giving,1,10
ahh good know,others,7,3
feel two classmethod two function,information seeking,3,5
would prefer singl function bit messi python,information seeking,3,7
look like strong opposit use class method let,information giving,1,8
need,solution proposal,4,1
thank make decis,others,7,3
get onto wait object,others,7,4
object,information giving,1,1
object well,information giving,1,2
take care class advanc stall,information giving,1,5
case search prs ping,information giving,1,4
love contribut engag mani project time,information giving,1,6
thank listen suggest,others,7,3
sound good,others,7,2
seem like good progress,others,7,4
remov mileston ping case think someth need get releas,information giving,1,9
moment possibl use panda datafram input sklearn method get numpi array,information giving,1,11
would realli nice abl get data format put,aspect evaluation,2,8
design work generic input format,information giving,1,5
perhap world around chang lot sinc way make panda integr import,information giving,1,11
could still larg suppli wrapper,information giving,1,5
yep top head,information giving,1,3
think implement nice transform,information giving,1,4
would one metaestim mixin,information giving,1,4
think initi implement extern demonstr use,solution proposal,4,6
make panda better kind idea behind column transform,information giving,1,8
mayb look close alreadi,information giving,1,4
entir sure best way forward,information giving,1,5
true think would nice,others,7,4
alway pipelin one thing right,information seeking,3,5
kind handl case though hacki limit object restrict pipelin first,information giving,1,10
start pipelin sound nice cover transform next step,information giving,1,8
index realli use,information giving,1,3
creat time lag variabl lag day daili data miss day,information giving,1,10
sampl direct rather featur direct,information seeking,3,5
yep think start,information giving,1,3
would happi wrapper dealt datafram,feature request,null,5
see obvious reason screw sklearn intern,information giving,1,6
thing would nice would preserv column name transform select featur select,information giving,1,11
find issu discuss right,information giving,1,4
note wonder one would want wrap outermost estim ensembl provid function user,information giving,1,12
think answer one want wrap atom transform allow transform within pipelin,information giving,1,11
without implement mixin think go get issu unnecessari paramet prefix els problem clone,solution proposal,4,13
want toss solut use,solution proposal,4,4
mayb necessari make pipelin variant magic,information giving,1,6
someth wrap,information seeking,3,2
sure pipelin right place start column name inherit scaler inherit column name input datafram wherea model like pca,information giving,1,18
featur select estim inherit specif column name anoth problem probabl relat,information giving,1,11
think pipelin would place start though would need add someth estim map column name appropri,information giving,1,15
transform output column,information giving,1,3
see current idea,information giving,1,3
want map transform includ pipelin transform input featur name output featur name structur represent transform suspect engin go get,information giving,1,19
provid,information giving,1,1
look thank,others,7,2
someon provid general updat state world wrt issu,information seeking,3,8
hing critic mean safe consum panda datafram,information giving,1,7
mean datafram contain float number guarante everyth work,information giving,1,8
even singl string anywher noth work,information giving,1,6
happen becom stabl first iter iter count one like happen though entir relat panda,information giving,1,14
inde superced,information giving,1,2
check briefli code sort check happen arbitrarili mani place use instanc,information giving,1,11
good numer hard implement panda datafram,aspect evaluation,2,6
meant particular multivari oper numer oper across column,information giving,1,8
machin learn most mutlivari numer,information giving,1,5
decis left user,information seeking,3,3
well user implement algorithm,information giving,1,4
otherwis see librari like,information giving,1,4
eventu matur attract user away sklearn know fulli support data frame metadata,information giving,1,12
datafram quit differ panda datafram,information giving,1,5
mayb make easier implement,information giving,1,4
agre better support featur name heterogen data type import,information giving,1,9
work find good technic solut lead loss perform over complic code,information giving,1,11
general might work heterogen column,information giving,1,5
think best solut would support panda datafram sampl featur properti proper pass slice train test,solution proposal,4,15
would solv use case keep speed data matrix numpi array,solution proposal,4,10
one import point miss argument panda move toward columnar represent data way two guarante memori copi,information giving,1,16
easi keep datafram use valu whenev need speed,information giving,1,8
yes chang help mani usecas work,information giving,1,6
issu beyond comment,information giving,1,3
suggest let numpi array assign meta data datafram object,information seeking,3,9
read issu look like two major blocker,problem discovery,5,7
xarray activ consid,information giving,1,3
prototyp work usag notebook api would look like,information giving,1,8
also interest featur,aspect evaluation,2,3
would solv infinit problem,information giving,1,4
current solut use,solution proposal,4,3
wrote wrapper around modul call,information giving,1,5
provid anoth solut,information giving,1,3
use criterion model extratreesregressor train long time seem lead endless train,information giving,1,11
problem mse find hava problem,information giving,1,5
hava tri two version use,information giving,1,5
thank,others,7,1
see also comment,information giving,1,3
hello debug code fit function extratreesregressor model use randomsplitt cost minut everi loop,information giving,1,13
hava run day loop keep run,information giving,1,6
might interest use random,solution proposal,4,4
sampl featur lot calcul split,information giving,1,5
think sampl realli want optim mae scale better said comment unless get away subsampl percent train data,information giving,1,17
get sens long take run bunch differ small sampl size like run take minut plot run time versus sampl size,information giving,1,20
person million sampl split featur doubt code would finish lifetim base saw scale,information giving,1,13
point ensembl differ tree,information giving,1,4
updat,information seeking,3,1
run random forest regress mae criterion coupl million sampl take day comparison minut mse,information giving,1,14
issu work part gsoc,problem discovery,5,4
gist come difficult comput run median versus run mean,information giving,1,9
think figur possibl solut ran summer get done,information giving,1,8
someon would like take issu happi discuss idea,information seeking,3,8
idea,information seeking,3,1
shame take long time understand take median etc,information giving,1,8
found frustrat time taken train linear,information giving,1,6
exampl sampl data take minut train tree howev run test tree take minut expect minut,information giving,1,15
system core use also use around total system memori plenti room run tree per core,information giving,1,15
bonnet understand correct tree independ better run small number tree join,information giving,1,11
anyon know job time seem exponenti number tree use model linear,information seeking,3,11
attempt implement result solut fail unit test one calcul anoth incorrect,information giving,1,11
unabl configur kind cython debug work anaconda figur reason probabl impact research end gave,information giving,1,14
thank idea suppos still sourc code abl view github somewher,information seeking,3,10
time week could tri look,information giving,1,5
check fork branch,information giving,1,3
rememb bug calcul correct may want start code scratch realli much code,information giving,1,12
mani thank give clearer pictur solut sure save much time figur everyth lie file look etc,information giving,1,16
sorri digress thread anyon interest benchmark sampl script note end perform test use mse enabl produc similar perform wrt larg sampl data set without wait long complet mae,information giving,1,28
mayb use hmmm mayb tri tomorrow,information seeking,3,6
think answer question scale number tree good volatil matter scale move forward focus origin issu thread,solution proposal,4,16
yes time better spent,others,7,4
talk time real battl get compil window environ,information giving,1,8
follow instruct undecipher cython error etc,information giving,1,6
moment seem fail point shame suspect prevent mani peopl contribut project,information giving,1,11
mayb success tri ubuntu littl rusti,information giving,1,6
battl,others,7,1
yes sure,others,7,2
would consid anyth could compil run quick possibl even need studio type environ output,information giving,1,14
mcgibbon code look great hope could add finish touch,information giving,1,9
thought docker setup test find,problem discovery,5,5
would impress johnstott tri compil window without,information giving,1,7
yes,others,7,1
prefer window environ use familiar packag debug etc free machin instal linux think rout tri linux equival rememb amazon servic thought would use set linux ubuntu environ assum make simpl altern,information giving,1,31
unfortun use servic sever year account lock wait support sort,information giving,1,10
hope tomorrow,others,7,2
thank feedback window instal instruct,others,7,5
thank yes use say anaconda compil haha dream window python user,aspect evaluation,2,11
quick updat,others,7,2
abl pick last week got basic debug version place print statement everywher use ubuntu,information giving,1,14
back subject understand split much slower sampl,information seeking,3,7
pleas see code,information giving,1,3
criterion mae result random forest output median instead mean difficult updat loss function,information giving,1,13
mse take origin varianc perform constant time updat loss move sampl one side partit mae current loss complet recomput take time,information giving,1,21
result entir process instead,information giving,1,4
time perform compar sampl,information giving,1,4
sampl least comput finish second sampl scale would impli need second day,information giving,1,12
convers sampl take second,information giving,1,4
still work,information giving,1,2
albeit less time hope,information giving,1,4
identifi issu current implement review current code,information giving,1,7
one rais issu soon,problem discovery,5,4
work far think optimis possibl one storag mae least math fail,information giving,1,11
think requir left right mae store next test,information giving,1,8
identifi sever area improv crux imo deal addit loopag word,information giving,1,10
requir deal,information giving,1,2
end put hold improv speed would also requir fix addit issu found first median calcul proper etc would requir unit test etc time,information giving,1,23
end bespok solut job hand one requir use part issu difficult solv,information giving,1,12
anyon think solut could good first pass clean code get submit,information seeking,3,11
requir bag base solut random forest could forc solut creat new row instead default expans per bag,information giving,1,17
wrt boost requir comment,information seeking,3,4
suspect though peopl use mae would provid sampl weight,information giving,1,9
anecdot usag creat solut extra burden state remembr reduc optimis almost make effici chang moot pointless time wise,information giving,1,18
though hope optim solut get head togeth,information giving,1,7
would use sort instead bubbl sort pqueue make bit faster,information seeking,3,10
rememb correct would,information giving,1,3
list alreadi sort ad new item bubbl sort,information giving,1,8
sort assum list alreadi sort would least probabl wors,information giving,1,9
sorri understand thing correct complet new also structur quit complex sort use sort implement thus possibl faster retriev middl median rather keep sort pqueue,information seeking,3,24
long stori short need comput median basic everi insert need recomput error everi insert see improv,information giving,1,16
way would sort everi insert,information giving,1,5
yes along code keep track increment updat mae instead recomput everi time,information giving,1,12
two chang necessari,information giving,1,3
notic current still issu train mae criterion finish grid search gradientboost regress tree,problem discovery,5,13
spent lot time tri debug wrong stumbl thread,information giving,1,8
would propos ad warn document,feature request,null,5
train criterion mean recalcul loss function iter take extrem long time prevent futur coder get stuck problem,information giving,1,17
psa user encourag use histgradientboostingregressor consider faster,information giving,1,7
confirm criterion time slower train compar default one randomforestregressor,information giving,1,9
problem mae function code less effici mse one,information seeking,3,8
yes mae code scale instead see comment march assum noth chang,information giving,1,11
believ could improv scale log use loss updat algorithm take log time instead loss time see juli comment sort,information giving,1,19
bottleneck specif,information seeking,3,2
may want take look commit unsuccess tri fix issu,solution proposal,4,9
issu sort mayb also issu though appar thought repli new median comput mae scratch quit quick sort item instead increment updat,problem discovery,5,21
thank repli,others,7,2
said make lot sens,others,7,4
know plan improv mae updat,information seeking,3,5
commit written past jeremi much better inform issu,information giving,1,8
probabl best give without dive time,information giving,1,6
also say reflect back succeed abl set good cycl wip code familiar cython test got segment fault,information giving,1,17
also suspect code logic around updat flaw could avoid good test case implement updat,information giving,1,14
suggest,others,7,1
suggest gitter,others,7,2
main interest coeffici variabl mix type categor numer ordin,information giving,1,9
one popular use case packag daisi mention cluster data mix type see page,information giving,1,13
general claim gower general similar coeffici one popular measur proxim mix data type,information giving,1,13
seem like plausibl claim,information giving,1,4
think way calcul dissimilar coeffici mix data type current appear standard one,information giving,1,12
find lot exampl onlin peopl explain gower coeffici suggest use mix data type noth could call benchmark yet,information giving,1,18
origin paper cite time accord googl scholar,information giving,1,7
great,others,7,1
chang would complement nice introduc nativ categor variabl support tree,information giving,1,10
tag new featur,information giving,1,3
wonder updat,information seeking,3,2
plus issu note still relev,information seeking,3,5
seem need someon integr code,information giving,1,5
hmm case go free time,information giving,1,5
way happen know anyth current state issu note pdist modul intern pdist make sever numer transform fail use matrix mix data,problem discovery,5,21
privat function pdist assum under data complet numer true datafram categor data,information giving,1,12
worri fork get get code later,information giving,1,6
import contribut,information giving,1,2
let know done,information giving,1,3
thank take,others,7,2
feasibl wonder would consid ad support gower calcul data nan valu also implement daisi packag also referenc,information seeking,3,17
finish integr gower also observ treatment nan valu,information giving,1,8
go prepar unit test submit fork code,information giving,1,7
great,others,7,1
thank much especi includ nan support,others,7,6
,others,7,0
made pull request day ago,others,7,5
made chang requir check pass,information giving,1,5
great work,others,7,2
might want chang row someth like col min max max max els,information giving,1,12
chang code avoid warn propos pierr wessman green,information giving,1,8
need someon review code,information giving,1,4
potenti other,information giving,1,2
hello marcelo paramet valu true fals categor variabl encod numer format,information seeking,3,11
thank repli,others,7,2
yes use newest version indic,information giving,1,5
redownload work success,information giving,1,3
would like ask coupl thing sinc newbi machin learn use kpca decreas dimens input hierarch cluster algorithm,information seeking,3,17
use whole dataset high dimension input hierarch cluster,information seeking,3,8
thank implement,others,7,2
news regard,information seeking,3,2
alex finish modif review ask far pull request green,information giving,1,9
also ping review check happi close pull request push releas,information giving,1,10
updat,information seeking,3,1
,others,7,0
work progress review,information giving,1,3
approv,information seeking,3,1
yet work progress recent code review,information giving,1,6
bad need,others,7,2
take latest commit function,information giving,1,4
manag make work local,information giving,1,4
quick ticket,others,7,2
thank work,others,7,2
bump,others,7,1
would great addit,information giving,1,3
believ taken year relat simpl calcul make sklearn,information giving,1,8
,others,7,0
could say thank dedic persist four year volunt effort,others,7,9
look forward sklearn,information giving,1,3
someon claim borrow idea thread releas packag github calcul gower distanc similar technic,information giving,1,13
speak distanc similar exampl ident one,information giving,1,6
glanc code far glimps,information giving,1,4
guy thank keep eye,others,7,4
good luck process,others,7,3
data size limit implement,information seeking,3,4
discuss sure issu,information giving,1,3
wrapper class chang decis threshold base estim,information giving,1,7
common think solut,information giving,1,3
simpl rule select new threshold,information giving,1,5
would object,others,7,2
also recent paper colleagu nyu proper control differ kind error need search,information giving,1,12
relat,information seeking,3,1
yes definit relat,information giving,1,3
though think would implement transform would add adjust threshold use mention strategi,solution proposal,4,12
hey seem like one work give tri,information seeking,3,7
sound good,others,7,2
inde would tri commit whole featur,information giving,1,6
also see way becom familiar librari,information giving,1,6
first need get good grip request featur though,information giving,1,8
mayb find paper mention,information seeking,3,4
thnx advanc,others,7,2
give updat,others,7,2
went mention issu got better understand task,information giving,1,7
think start implement api class,information giving,1,5
could still use help exact threshold decis base,information giving,1,8
mayb said provid three option let user decid one use,information seeking,3,10
admit still pretti stuck look calibrationclassifi calibr modul seem like tack similar problem,problem discovery,5,13
also work calibr probabl threshold,information giving,1,5
sure exact propos fit find difficult find way around problem,information giving,1,10
would like guidanc paper suggest help understand ask much let know someon els take,information seeking,3,14
mayb start implement wrapper pick point curv closest top right,solution proposal,4,10
tri understand would mean train set use prefit model,information giving,1,9
insid loop take averag,information giving,1,4
threshold,others,7,1
seem relev via max kuhn book realli found,information seeking,3,8
info,information giving,1,1
seem closer,information seeking,3,2
thank take time,others,7,3
think calibr predict work case multilabel classif,information giving,1,7
also way see threshold calibr function offer calibratedclassifiercv class main name broad cover calibr practis current offer probabl estim calibr option choos whether use threshold calibr probabl calibr,feature request,null,28
multilabel calibr output column independ,information giving,1,5
binari case exact equival use cutoff,information giving,1,6
updat plan make progress weekend precis want focus follow,information giving,1,9
extend implement two method pick optim cutoff chang name updat docstr,information giving,1,11
plan follow day add exampl test,information giving,1,6
think point qualifi mrg review,information seeking,3,5
okay thnx prompt repli,others,7,4
also tri make clear comprehens possibl,information giving,1,6
agre cost function one good way deal pick threshold though necessarili natur case,information giving,1,13
gambl busi basic thing defin cost easi,information giving,1,7
medic exampl defin cost,information giving,1,4
much cost child die compar misdiagnosi,information seeking,3,6
set think precis recal associ measur natur,information giving,1,7
btw refer method tune cutoff use,information seeking,3,6
realli find,information giving,1,2
exampl paper quot earlier thread talk find optim cutoff given sensit specif criterion,information giving,1,13
recal specif refer case say general tune base loss function specif given problem cross valid rather discuss seem natur choic,information giving,1,20
articl talk might obvious choic realli obvious,information giving,1,7
could either actual threshold valu could keep model appli threshold let vote,information giving,1,12
feel like averag threshold valu fold sound bit danger option realli seem better,information seeking,3,13
fyi see auc mislead measur perform predict distribut model lobo,information giving,1,10
thnx lot input take look come day,others,7,7
,others,7,0
solut use gridsearch tune best threshold,information seeking,3,6
current implement use score function find best fold calc averag score fold,information giving,1,12
extrem uncomfort break structur logic sklearn,information giving,1,6
mean temporari implement actual know right,information giving,1,6
,information giving,1,0
mean,information seeking,3,1
rang solut,information seeking,3,2
could write concret step propos,information seeking,3,5
gridsearch tune threshold other hyperparam simultan general depend estim need fold combin,information giving,1,12
forum usag question implement someth,information giving,1,5
tri stackoverflow,information giving,1,2
statist look youden,information giving,1,3
scenario aris quit often time line work seem lol,information giving,1,9
high imbalanc dataset,information giving,1,3
exact sorri tri put name face,information giving,1,6
look forward happi help move along need,information giving,1,7
sure link duplic,information giving,1,3
import stratifi sampl accord regress model otherwis might possibl get total differ rang train valid set,information giving,1,16
howev current stratifiedkfold allow float,information giving,1,5
would,information seeking,3,1
bin,information seeking,3,1
refer,information seeking,3,1
total differ rang unlik shuffl data small btw,information giving,1,8
yes unlik get extrem case complet differ rang,information giving,1,8
howev may rare sampl differ valu train valid set,information giving,1,9
well could call stratifiedkfold bin version,information giving,1,6
could add support question whether add new object add class,information giving,1,10
add class need infer whether classif regress problem base type might lead user astray,solution proposal,4,14
bin bin sound like bit bad idea bin would everi fold unless exact uniform distribut right,information giving,1,16
true,information giving,1,1
user bin,information giving,1,2
think make sens support,information giving,1,4
scenario think user may led astray,information seeking,3,6
want regress provid integ,information giving,1,4
bin let say sampl want creat bin sampl bin creat valid set rest train,information giving,1,14
last round valid set contain sampl,information giving,1,6
right,information seeking,3,1
clarifi one sampl bin valid random order,information giving,1,7
anoth way probabl better put sort pick sampl left right skip everi number sampl,information giving,1,14
problem integ use class regress classif know whether bin,information giving,1,9
bin meant fix bin width,information giving,1,5
sampl put bin bin sampl,information giving,1,5
page,information giving,1,1
see,others,7,1
uniqu integ view label often case one mani uniqu valu without repeat regress,information giving,1,13
somehow think regress repeat valu case less problem,information giving,1,8
exact,others,7,1
ad separ object regress seem like nice easi extens,information giving,1,9
hey anybodi work welcom,information seeking,3,4
would continu class name,information seeking,3,4
got time work far,information giving,1,4
sure other,others,7,2
think welcom,information seeking,3,2
mayb appropri place ask need write helper function place must buri,information seeking,3,11
helper function fine use,information giving,1,4
doubt necess function see last pull request,information giving,1,7
thank head,others,7,2
hope get merg would like see function includ,information giving,1,8
hey progress,information seeking,3,2
look refer,information giving,1,2
feel free literatur search provid benchmark,information giving,1,6
feel like sensibl thing sure exact requir,information giving,1,7
would rather use sort base approach bin base approach,information giving,1,9
coupl approach outlin blog post,information giving,1,5
simplest seem base sort,information giving,1,4
think stratifi fold classif textbook,information seeking,3,5
spend time next book though tri read data mine weka folk,information giving,1,11
actual mention stratifi,information giving,1,3
actual realli excit year old book awar,information giving,1,7
talk stratif classif,information giving,1,3
implement accord blog post mention,information giving,1,5
code,information giving,1,1
test code show work,information giving,1,4
anyon interest port,information seeking,3,3
keen avail,information giving,1,2
code need stabl sort,information giving,1,4
seem like could make solid addit opinion,information giving,1,7
admit skim thread match quantil across sampl distribut term number data point bin across fold seem like nice approach,information giving,1,19
check thorough think random implement privat function call code,information seeking,3,9
see error part code,information giving,1,4
point,information seeking,3,1
random pass,information giving,1,2
also true,information giving,1,2
thus work manner builtin function,information giving,1,5
want featur project came straightforward solut stratifi kbinsdiscret,information giving,1,8
test far comprehens least seem work,information giving,1,6
sure protocol attempt help issu like hope help edit updat code kbinsdiscret,information giving,1,12
help simpl way implement suggest think would defin new class inherit stratifiedkfold overwrit split method,information giving,1,15
someth like,information giving,1,2
could interest,information giving,1,2
douglaspatton tri use function could pleas explain group,information seeking,3,8
thank advanc,others,7,2
yes group bin consecut observ span length along number line bin collect cover rang uniform bin observ span length along cumul probabl densiti quantil,information giving,1,24
read group algorithm work notabl bin sampl stratifi manner creat assign experi much distribut high skew uniform bin long tail spars quantil seem like safer choic though sure nuanc consid,information giving,1,30
douglaspatton thank much explan,others,7,4
believ pretti clear function,information giving,1,4
appreci explain,others,7,2
thank,others,7,1
hello thank make fantast librari,others,7,5
use everi day bioinformat research,information giving,1,5
develop toolkit analysi want add current analys,information giving,1,7
unfortun reimplem reli certain packag particular vgam aka vector general linear addit model,information giving,1,13
found mention gam,information giving,1,3
pyearth,information giving,1,1
anyth els relat gam could potenti ad,information seeking,3,7
sure actual common use scale larger dataset check,information seeking,3,8
origin gam paper hasti around citat seem much interest peopl spam around odd sure citat import criteria inclus base recent addit faq,information giving,1,22
think liso popular may mistaken,information giving,1,5
interest work spam,information giving,1,3
given refer feel consider interest dev,information seeking,3,6
finish prs start spam,information seeking,3,4
implement spam somewher,information giving,1,3
share,information seeking,3,1
yup sinc look proof concept provid,information giving,1,6
thank share,others,7,2
guess,others,7,1
keep small maxim chanc get feedback quick,information giving,1,7
spam gamlss mar perhap,information seeking,3,4
simpli,information seeking,3,1
would larg directori name think let know issu,information giving,1,8
think alreadi bit long probabl linear,information giving,1,6
call,information seeking,3,1
saw inclus gam gsoc,information giving,1,4
want know whether project assign anyon els would start develop gam model,information giving,1,12
pleas repli,others,7,2
statsmodel gam,information giving,1,2
curious,others,7,1
notic wiki current flight,information giving,1,4
anyon know effici workaround use gam python,information seeking,3,7
around want work,information seeking,3,3
pyearth help,information giving,1,2
still need good standard gam implement python like gam packag,information giving,1,10
use sam packag select featur,information seeking,3,5
updat ad gam sklearn,information seeking,3,4
pretti neat use interpreat pygam python gam would interest gam pairewis ineract paper lou explain,information giving,1,15
like featur lot well seem like includ addit model make sklearn one stop shop,information giving,1,14
could consid migrat project get visibl expand developp base,information giving,1,9
general glms,information giving,1,2
lot interest gam recent interpret,information giving,1,5
cool variant propos use gradient boost tree singl variabl oppos use spline call ebm,information giving,1,14
might also interest far small extens histgradientboost,information giving,1,7
look classic spline stuff,information giving,1,4
assum mean spline addit gradient boost,information seeking,3,6
inde gradient boost variant look interest hard add,information giving,1,8
look like hot topic point,information giving,1,5
mine,information giving,1,1
look mgcv relat book general addit model wood second edit hard part smooth select done use reml restrict maximum likelihood gcv,information giving,1,21
wood book recommend use reml tend resist occasion sever,information giving,1,9
refer use reml smooth paramet select wood,information giving,1,7
reml default mgcv,information giving,1,3
see comment gradient boost version,information seeking,3,5
would interest review gam,information seeking,3,4
also favor gam though see context glms glm spline penalti gam,information giving,1,11
tricki part opinion solver handl featur,information giving,1,6
mgcv specifi spline type penalti featur name,information giving,1,7
current propos tabl,information giving,1,3
would rather first particular cyclic boost build work,information giving,1,8
think also nice think less well understood term interpret,information giving,1,9
someth general long easi someth equival explain boost machin algorithm solut,information giving,1,11
tree base gam point interact constraint give possibl specifi addit allow pairwis,information giving,1,12
big step interpret,information giving,1,3
cyclic boost someth top might improv certain aspect model,information giving,1,9
therefor consid logic implement plan start,information giving,1,6
api perspect general interact constraint seem complex standard gam guess question whether want separ class,information giving,1,15
fine option interact constraint cyclic boost make much less discover also make harder use method literatur requir set multipl paramet specif valu,information giving,1,22
piec togeth oppos idea new class set default paramet boost gam becom easier avail,information giving,1,14
brought coupl place think import enough track separ issu,information giving,1,9
often use tenet simpl thing simpl complex thing possibl,information giving,1,9
howev right support think simpl trivial use case tabular data,information giving,1,10
favor solut day ad simplepreprocessor basic alia,information giving,1,7
superimput,others,7,1
,others,7,0
yes also thought comment explicit implicit context,information giving,1,7
realis propos someth much implicit,information giving,1,5
handl string categor problemat handl int categor alway also problemat,information giving,1,10
panda actual categor dtype exploit semant annot,information giving,1,7
although perhap explicit avoid interpret handl order categor case,information giving,1,9
user data categor dtype user explicit enough handl call magic,information giving,1,10
might problem categor dtype differ fit transform time variant,information giving,1,9
btw like idea simplepreprocessor allow user select scaler string argument simpl knn imput encod,information giving,1,14
btw use categor dtype got complic current panda understand correct sure,information giving,1,11
peopl typic use think,information giving,1,4
exact topic worth bear mind lot nicer way current,information giving,1,9
see,others,7,1
person alway find via whenev mix categor non categor variabl,information giving,1,10
use astyp categori deprec import deep part api import categoricaldtyp creat categori user,information giving,1,13
unless easier way column,information seeking,3,4
mayb deprec messag mention,information giving,1,4
yeah meant second realli import,information giving,1,5
prefer solut someth,information seeking,3,3
slide yesterday explain encod panda tri ensur column match,information giving,1,9
typo frequent make know,information giving,1,4
meet happen scipi sprint,information seeking,3,4
would exclud attend person,information giving,1,4
could also skype call beforehand tri hash detail sprint,information giving,1,9
think most anyon els interest roadmap,information seeking,3,6
sure use thing contribut,information giving,1,4
answer use let wait sure like,information giving,1,6
scipi,information giving,1,1
aaahhh right well guess phone call,information seeking,3,6
take long uncertain,information giving,1,3
could year even clear find wide adopt,information giving,1,7
would like think far reason,information giving,1,5
also see,information giving,1,2
btw conclus onehotencod deal miss valu treat categori,information seeking,3,8
would great default behavior imho would make stuff much simpler user would complic onehotencod,aspect evaluation,2,14
seem problem nan use miss valu marker,information giving,1,7
apart disabl searchsort fail identifi equal nan equal,information giving,1,8
inde yet realli conclus issu forward miss valu onehotencod,information giving,1,9
specif treat categori case use pipelin simpleimput fill also get similar effect,information giving,1,12
look like would simplepreprocessor though nice pickl,information giving,1,7
pickl lambda right,information seeking,3,3
need contain closur,information giving,1,3
easi,information seeking,3,1
terribl way,information seeking,3,2
indic featur think pretti good way,information giving,1,6
actual follow sinc nan pass prepossess,information giving,1,6
understand problem discuss,information giving,1,3
could somebodi pleas help understand,information seeking,3,5
work consequ issu among other,information giving,1,5
think would make sens also consid text data simpl data scienc exampl,information giving,1,12
dataset slight complic titan dataset,information giving,1,5
sorri,others,7,1
link fix,information giving,1,2
move,others,7,1
link confirm work,information giving,1,3
sometim conveni first build model recent dataset save file appli model new dataset,information giving,1,13
howev last project friend found result turn quit wire appli file new dataset,information giving,1,13
actual implement binari classifi,information giving,1,4
found probabl distribut turn unimod distribut bimod distribut,information giving,1,8
final found problem column order new dataset differ old one,information giving,1,10
thus predict total wrong,information giving,1,4
check sourc code discov fit function sklean save column valu process model train,information giving,1,13
thus mean check whether column valu consist process predict,information giving,1,9
thought would better column valu could save train use check column valu predict,information giving,1,13
current concept column label,problem discovery,5,4
agre would nice featur,feature request,null,4
hold breath,information giving,1,2
store column name would import first step hope achiev soonish,information giving,1,10
avail consist check probabl either,information giving,1,5
oper numpi array current column name,information giving,1,6
might chang futur might add better integr panda,information giving,1,8
thank repli,others,7,2
look forward new version,aspect evaluation,2,4
thank edifi convers guy,others,7,4
think wrapper ensur column order maintain fit would good idea,information giving,1,10
would guess way would respect column name present fit predict respect column order miss either,information giving,1,15
also featur select would need abid,information giving,1,6
sure easi might first appear,information giving,1,5
opinion sklearn issu panda issu,problem discovery,5,5
said complain expect terribl easi,information giving,1,5
would like solv insid think consensus yet,information giving,1,7
would argu protect user silent wrong result voic might say user pass datafram,information seeking,3,13
voic might say user pass datafram,information seeking,3,6
warn option would loud,aspect evaluation,2,4
mani peopl pass datafram,information giving,1,4
guess depend bit whether want pass datafram,information giving,1,7
one problem warn basic tell user use everywher convert numpi array get warn,problem discovery,5,13
error becom silent noth,information giving,1,4
made user chang code never hope catch error,information giving,1,8
prefer sklearn respect column name present fit predict respect column order miss either,feature request,null,13
also think warn would better work right easi get fals sens secur end buggi code experi issu,feature request,null,17
sure got problem warn,information giving,1,4
alway warn peopl chang code get warn pass,information giving,1,8
numpi array without column name,information giving,1,5
later chang code column mismatch get warn pass numpi array,information giving,1,10
end ad warn safe creat work,information giving,1,6
think understand point,information giving,1,3
point warn link see detail document page page take great pain point need manag column posit outsid sklearn guess save quit peopl,information giving,1,22
see come,information giving,1,2
might good way make peopl awar issu potenti exist,information giving,1,9
still think bit loud unspecif though might inde save peopl,information giving,1,10
hope term better solut,information giving,1,4
think warn panda datafram input overkil,information giving,1,6
lot peopl load datafram static sourc recommend reorder column,information giving,1,9
suggest extend least check perhap even help store estim attribut,solution proposal,4,10
term syntax could magic fit mayb prefer,information giving,1,7
could make even magic decor metaclass,information giving,1,6
would rather store hash inform valuabl model inspect,information giving,1,8
sure like pass self guess altern would return store pass predict transform,information giving,1,12
probabl want realli look pipelin process awesom,information giving,1,7
wish use fit use transform anoth proper way abl use proper column order,information seeking,3,13
guaranti panda datafram column specif order,information seeking,3,6
current estim check match fit predict,information giving,1,6
want add featur extrem import model build process predict process expos user often complet separ,information giving,1,15
pleas see test case,information giving,1,4
think,information seeking,3,1
could potenti make set check signatur job,information giving,1,7
,solution proposal,4,0
difficult thing super baseestim much codebas,information giving,1,6
disagre rais error,information giving,1,3
data frame differ philosoph array,information giving,1,5
peopl like pass data frame wrong order moment wrong awar sklearn packag hasnt handl edg case,information giving,1,16
panda datafram column order alway exist talk anyon use panda would never iloc column index index column name,information giving,1,18
absolut agre warn must,information giving,1,4
agre repli,information giving,1,2
extra column code implement lot talk context cross valid featur selector rfecv,information giving,1,12
accept datafram size allow learner alway correct,information giving,1,7
user give column select predict data fit predict arbitrari datafram predict,information giving,1,11
goal mind enabl agnost use estim estim go pickl long forgotten repo somewher,information giving,1,13
dont want use mistaken dig file cabinet,information giving,1,7
workaround problem,information seeking,3,2
reorder column,information giving,1,2
hello went issu tri,information giving,1,4
still slep right,information seeking,3,3
think tri one,information giving,1,3
want,information seeking,3,1
relat featur name actual current featur name idea might solv issu,information giving,1,11
thought whether want featur name,information seeking,3,5
think option most list comment,information giving,1,5
,others,7,0
want,others,7,1
think solv issu,information giving,1,3
solv issu user awar issu activ take step prevent problem occur,information giving,1,11
solv issu realli core issu user expect silent error,information giving,1,9
also realli verbos,information giving,1,3
cool total agre encourag draft would love hear thought well,information giving,1,10
also see,information giving,1,2
valid column name partial fix user use columntransform right,information seeking,3,9
need love,aspect evaluation,2,2
yes basediscretenb design featur valu frequenc boolean,information giving,1,7
recent refactor fix negat valu problem,information seeking,3,6
issu fix,information seeking,3,2
consid help,information giving,1,2
nope still open,information giving,1,3
feel free submit pull request,information giving,1,5
varianc zero distribut featur gaussian think follow,information giving,1,7
one instanc still work happi,information giving,1,5
alreadi readi,information giving,1,2
wait suggest,information giving,1,2
familiar mayb comment idea,information giving,1,4
work sent make discuss lot easier alreadi,information giving,1,7
love never even use gaussian,information giving,1,5
practic data discret,information giving,1,3
mayb comment idea,information seeking,3,3
